check	result	detail
launch	accepted	router_max=2
health	accepted	waited=0s
roster	accepted	ids=23
reply_qwen38-2b-distill	accepted	served=qwen38-2b-distill tokens=3 reply=Oslo
reply_qwen35-08b	accepted	served=qwen35-08b tokens=3 reply=Oslo
resident_children	observed	2:qwen35-08b,qwen38-2b-distill
device_memory	observed	used_mib=5295
teardown	accepted	torn down: no server, tmux session, probe, approval broker, image service, or router snapshot; port 8080 free
serving_device	accepted	children allocated on CUDA0
