phase	closure	length	base	width	repeat	prompt_n	prompt_ms	predicted_n	predicted_ms	tokens_sha256
opening-control	build-appliance-current	17	0	17	1	17	33.873	32	152.465	4f53cda18c2baa0c0354bb5f9a3ecbe5ed12ab4d8e11ba873c2f11161202b945
opening-control	build-appliance-current	18	0	18	1	18	11.33	32	146.898	4f53cda18c2baa0c0354bb5f9a3ecbe5ed12ab4d8e11ba873c2f11161202b945
opening-control	build-appliance-current	19	0	19	1	19	15.771	32	140.922	4f53cda18c2baa0c0354bb5f9a3ecbe5ed12ab4d8e11ba873c2f11161202b945
opening-control	build-appliance-current	20	0	20	1	20	13.28	32	139.978	4f53cda18c2baa0c0354bb5f9a3ecbe5ed12ab4d8e11ba873c2f11161202b945
opening-control	build-appliance-current	529	512	17	1	529	38.604	32	156.583	4f53cda18c2baa0c0354bb5f9a3ecbe5ed12ab4d8e11ba873c2f11161202b945
opening-control	build-appliance-current	530	512	18	1	530	36.743	32	148.476	4f53cda18c2baa0c0354bb5f9a3ecbe5ed12ab4d8e11ba873c2f11161202b945
opening-control	build-appliance-current	531	512	19	1	531	34.278	32	139.839	4f53cda18c2baa0c0354bb5f9a3ecbe5ed12ab4d8e11ba873c2f11161202b945
opening-control	build-appliance-current	532	512	20	1	532	36.518	32	151.529	4f53cda18c2baa0c0354bb5f9a3ecbe5ed12ab4d8e11ba873c2f11161202b945
opening-control	build-appliance-current	1041	1024	17	1	1041	59.589	32	141.307	4f53cda18c2baa0c0354bb5f9a3ecbe5ed12ab4d8e11ba873c2f11161202b945
opening-control	build-appliance-current	1042	1024	18	1	1042	62.641	32	156.282	4f53cda18c2baa0c0354bb5f9a3ecbe5ed12ab4d8e11ba873c2f11161202b945
opening-control	build-appliance-current	1043	1024	19	1	1043	60.103	32	158.417	4f53cda18c2baa0c0354bb5f9a3ecbe5ed12ab4d8e11ba873c2f11161202b945
opening-control	build-appliance-current	1044	1024	20	1	1044	60.261	32	154.659	4f53cda18c2baa0c0354bb5f9a3ecbe5ed12ab4d8e11ba873c2f11161202b945
opening-control	build-appliance-current	2065	2048	17	1	2065	105.992	32	145.621	4f53cda18c2baa0c0354bb5f9a3ecbe5ed12ab4d8e11ba873c2f11161202b945
opening-control	build-appliance-current	2066	2048	18	1	2066	101.046	32	150.243	4f53cda18c2baa0c0354bb5f9a3ecbe5ed12ab4d8e11ba873c2f11161202b945
opening-control	build-appliance-current	2067	2048	19	1	2067	98.621	32	153.702	4f53cda18c2baa0c0354bb5f9a3ecbe5ed12ab4d8e11ba873c2f11161202b945
opening-control	build-appliance-current	2068	2048	20	1	2068	101.159	32	147.566	4f53cda18c2baa0c0354bb5f9a3ecbe5ed12ab4d8e11ba873c2f11161202b945
opening-control	build-appliance-current	17	0	17	2	17	15.819	32	149.416	4f53cda18c2baa0c0354bb5f9a3ecbe5ed12ab4d8e11ba873c2f11161202b945
opening-control	build-appliance-current	18	0	18	2	18	14.927	32	153.664	4f53cda18c2baa0c0354bb5f9a3ecbe5ed12ab4d8e11ba873c2f11161202b945
opening-control	build-appliance-current	19	0	19	2	19	16.219	32	147.648	4f53cda18c2baa0c0354bb5f9a3ecbe5ed12ab4d8e11ba873c2f11161202b945
opening-control	build-appliance-current	20	0	20	2	20	15.94	32	148.508	4f53cda18c2baa0c0354bb5f9a3ecbe5ed12ab4d8e11ba873c2f11161202b945
opening-control	build-appliance-current	529	512	17	2	529	37.648	32	144.786	4f53cda18c2baa0c0354bb5f9a3ecbe5ed12ab4d8e11ba873c2f11161202b945
opening-control	build-appliance-current	530	512	18	2	530	38.01	32	140.124	4f53cda18c2baa0c0354bb5f9a3ecbe5ed12ab4d8e11ba873c2f11161202b945
opening-control	build-appliance-current	531	512	19	2	531	37.342	32	152.756	4f53cda18c2baa0c0354bb5f9a3ecbe5ed12ab4d8e11ba873c2f11161202b945
opening-control	build-appliance-current	532	512	20	2	532	40.549	32	145.662	4f53cda18c2baa0c0354bb5f9a3ecbe5ed12ab4d8e11ba873c2f11161202b945
opening-control	build-appliance-current	1041	1024	17	2	1041	56.147	32	156.078	4f53cda18c2baa0c0354bb5f9a3ecbe5ed12ab4d8e11ba873c2f11161202b945
opening-control	build-appliance-current	1042	1024	18	2	1042	57.377	32	160.95	4f53cda18c2baa0c0354bb5f9a3ecbe5ed12ab4d8e11ba873c2f11161202b945
opening-control	build-appliance-current	1043	1024	19	2	1043	58.109	32	157.324	4f53cda18c2baa0c0354bb5f9a3ecbe5ed12ab4d8e11ba873c2f11161202b945
opening-control	build-appliance-current	1044	1024	20	2	1044	61.327	32	150.834	4f53cda18c2baa0c0354bb5f9a3ecbe5ed12ab4d8e11ba873c2f11161202b945
opening-control	build-appliance-current	2065	2048	17	2	2065	104.397	32	151.01	4f53cda18c2baa0c0354bb5f9a3ecbe5ed12ab4d8e11ba873c2f11161202b945
opening-control	build-appliance-current	2066	2048	18	2	2066	106.208	32	147.039	4f53cda18c2baa0c0354bb5f9a3ecbe5ed12ab4d8e11ba873c2f11161202b945
opening-control	build-appliance-current	2067	2048	19	2	2067	107.165	32	153.338	4f53cda18c2baa0c0354bb5f9a3ecbe5ed12ab4d8e11ba873c2f11161202b945
opening-control	build-appliance-current	2068	2048	20	2	2068	101.224	32	147.251	4f53cda18c2baa0c0354bb5f9a3ecbe5ed12ab4d8e11ba873c2f11161202b945
opening-control	build-appliance-current	17	0	17	3	17	12.0	32	142.226	4f53cda18c2baa0c0354bb5f9a3ecbe5ed12ab4d8e11ba873c2f11161202b945
opening-control	build-appliance-current	18	0	18	3	18	13.977	32	140.837	4f53cda18c2baa0c0354bb5f9a3ecbe5ed12ab4d8e11ba873c2f11161202b945
opening-control	build-appliance-current	19	0	19	3	19	14.117	32	144.497	4f53cda18c2baa0c0354bb5f9a3ecbe5ed12ab4d8e11ba873c2f11161202b945
opening-control	build-appliance-current	20	0	20	3	20	12.549	32	138.941	4f53cda18c2baa0c0354bb5f9a3ecbe5ed12ab4d8e11ba873c2f11161202b945
opening-control	build-appliance-current	529	512	17	3	529	39.693	32	151.711	4f53cda18c2baa0c0354bb5f9a3ecbe5ed12ab4d8e11ba873c2f11161202b945
opening-control	build-appliance-current	530	512	18	3	530	35.051	32	144.172	4f53cda18c2baa0c0354bb5f9a3ecbe5ed12ab4d8e11ba873c2f11161202b945
opening-control	build-appliance-current	531	512	19	3	531	35.231	32	142.615	4f53cda18c2baa0c0354bb5f9a3ecbe5ed12ab4d8e11ba873c2f11161202b945
opening-control	build-appliance-current	532	512	20	3	532	32.43	32	148.453	4f53cda18c2baa0c0354bb5f9a3ecbe5ed12ab4d8e11ba873c2f11161202b945
opening-control	build-appliance-current	1041	1024	17	3	1041	59.701	32	144.679	4f53cda18c2baa0c0354bb5f9a3ecbe5ed12ab4d8e11ba873c2f11161202b945
opening-control	build-appliance-current	1042	1024	18	3	1042	62.753	32	149.377	4f53cda18c2baa0c0354bb5f9a3ecbe5ed12ab4d8e11ba873c2f11161202b945
opening-control	build-appliance-current	1043	1024	19	3	1043	57.585	32	157.975	4f53cda18c2baa0c0354bb5f9a3ecbe5ed12ab4d8e11ba873c2f11161202b945
opening-control	build-appliance-current	1044	1024	20	3	1044	57.686	32	145.448	4f53cda18c2baa0c0354bb5f9a3ecbe5ed12ab4d8e11ba873c2f11161202b945
opening-control	build-appliance-current	2065	2048	17	3	2065	107.043	32	145.522	4f53cda18c2baa0c0354bb5f9a3ecbe5ed12ab4d8e11ba873c2f11161202b945
opening-control	build-appliance-current	2066	2048	18	3	2066	107.938	32	154.689	4f53cda18c2baa0c0354bb5f9a3ecbe5ed12ab4d8e11ba873c2f11161202b945
opening-control	build-appliance-current	2067	2048	19	3	2067	104.357	32	151.666	4f53cda18c2baa0c0354bb5f9a3ecbe5ed12ab4d8e11ba873c2f11161202b945
opening-control	build-appliance-current	2068	2048	20	3	2068	105.522	32	151.455	4f53cda18c2baa0c0354bb5f9a3ecbe5ed12ab4d8e11ba873c2f11161202b945
opening-control	build-appliance-current	17	0	17	4	17	14.278	32	150.282	4f53cda18c2baa0c0354bb5f9a3ecbe5ed12ab4d8e11ba873c2f11161202b945
opening-control	build-appliance-current	18	0	18	4	18	15.502	32	140.41	4f53cda18c2baa0c0354bb5f9a3ecbe5ed12ab4d8e11ba873c2f11161202b945
opening-control	build-appliance-current	19	0	19	4	19	13.518	32	138.407	4f53cda18c2baa0c0354bb5f9a3ecbe5ed12ab4d8e11ba873c2f11161202b945
opening-control	build-appliance-current	20	0	20	4	20	13.998	32	135.862	4f53cda18c2baa0c0354bb5f9a3ecbe5ed12ab4d8e11ba873c2f11161202b945
opening-control	build-appliance-current	529	512	17	4	529	34.559	32	140.588	4f53cda18c2baa0c0354bb5f9a3ecbe5ed12ab4d8e11ba873c2f11161202b945
opening-control	build-appliance-current	530	512	18	4	530	36.047	32	139.569	4f53cda18c2baa0c0354bb5f9a3ecbe5ed12ab4d8e11ba873c2f11161202b945
opening-control	build-appliance-current	531	512	19	4	531	35.668	32	142.849	4f53cda18c2baa0c0354bb5f9a3ecbe5ed12ab4d8e11ba873c2f11161202b945
opening-control	build-appliance-current	532	512	20	4	532	36.221	32	141.2	4f53cda18c2baa0c0354bb5f9a3ecbe5ed12ab4d8e11ba873c2f11161202b945
opening-control	build-appliance-current	1041	1024	17	4	1041	55.355	32	143.971	4f53cda18c2baa0c0354bb5f9a3ecbe5ed12ab4d8e11ba873c2f11161202b945
opening-control	build-appliance-current	1042	1024	18	4	1042	58.097	32	140.238	4f53cda18c2baa0c0354bb5f9a3ecbe5ed12ab4d8e11ba873c2f11161202b945
opening-control	build-appliance-current	1043	1024	19	4	1043	55.597	32	134.832	4f53cda18c2baa0c0354bb5f9a3ecbe5ed12ab4d8e11ba873c2f11161202b945
opening-control	build-appliance-current	1044	1024	20	4	1044	55.154	32	142.698	4f53cda18c2baa0c0354bb5f9a3ecbe5ed12ab4d8e11ba873c2f11161202b945
opening-control	build-appliance-current	2065	2048	17	4	2065	99.956	32	136.162	4f53cda18c2baa0c0354bb5f9a3ecbe5ed12ab4d8e11ba873c2f11161202b945
opening-control	build-appliance-current	2066	2048	18	4	2066	98.33	32	124.954	4f53cda18c2baa0c0354bb5f9a3ecbe5ed12ab4d8e11ba873c2f11161202b945
opening-control	build-appliance-current	2067	2048	19	4	2067	92.204	32	141.677	4f53cda18c2baa0c0354bb5f9a3ecbe5ed12ab4d8e11ba873c2f11161202b945
opening-control	build-appliance-current	2068	2048	20	4	2068	101.709	32	137.708	4f53cda18c2baa0c0354bb5f9a3ecbe5ed12ab4d8e11ba873c2f11161202b945
opening-control	build-appliance-current	17	0	17	5	17	9.304	32	136.108	4f53cda18c2baa0c0354bb5f9a3ecbe5ed12ab4d8e11ba873c2f11161202b945
opening-control	build-appliance-current	18	0	18	5	18	9.732	32	128.1	4f53cda18c2baa0c0354bb5f9a3ecbe5ed12ab4d8e11ba873c2f11161202b945
opening-control	build-appliance-current	19	0	19	5	19	10.111	32	133.802	4f53cda18c2baa0c0354bb5f9a3ecbe5ed12ab4d8e11ba873c2f11161202b945
opening-control	build-appliance-current	20	0	20	5	20	10.662	32	122.569	4f53cda18c2baa0c0354bb5f9a3ecbe5ed12ab4d8e11ba873c2f11161202b945
opening-control	build-appliance-current	529	512	17	5	529	33.11	32	126.91	4f53cda18c2baa0c0354bb5f9a3ecbe5ed12ab4d8e11ba873c2f11161202b945
opening-control	build-appliance-current	530	512	18	5	530	35.063	32	128.983	4f53cda18c2baa0c0354bb5f9a3ecbe5ed12ab4d8e11ba873c2f11161202b945
opening-control	build-appliance-current	531	512	19	5	531	35.949	32	133.285	4f53cda18c2baa0c0354bb5f9a3ecbe5ed12ab4d8e11ba873c2f11161202b945
opening-control	build-appliance-current	532	512	20	5	532	33.637	32	129.278	4f53cda18c2baa0c0354bb5f9a3ecbe5ed12ab4d8e11ba873c2f11161202b945
opening-control	build-appliance-current	1041	1024	17	5	1041	50.491	32	132.604	4f53cda18c2baa0c0354bb5f9a3ecbe5ed12ab4d8e11ba873c2f11161202b945
opening-control	build-appliance-current	1042	1024	18	5	1042	51.55	32	127.744	4f53cda18c2baa0c0354bb5f9a3ecbe5ed12ab4d8e11ba873c2f11161202b945
opening-control	build-appliance-current	1043	1024	19	5	1043	50.578	32	123.307	4f53cda18c2baa0c0354bb5f9a3ecbe5ed12ab4d8e11ba873c2f11161202b945
opening-control	build-appliance-current	1044	1024	20	5	1044	55.353	32	141.309	4f53cda18c2baa0c0354bb5f9a3ecbe5ed12ab4d8e11ba873c2f11161202b945
opening-control	build-appliance-current	2065	2048	17	5	2065	95.397	32	126.652	4f53cda18c2baa0c0354bb5f9a3ecbe5ed12ab4d8e11ba873c2f11161202b945
opening-control	build-appliance-current	2066	2048	18	5	2066	96.067	32	122.353	4f53cda18c2baa0c0354bb5f9a3ecbe5ed12ab4d8e11ba873c2f11161202b945
opening-control	build-appliance-current	2067	2048	19	5	2067	94.755	32	119.366	4f53cda18c2baa0c0354bb5f9a3ecbe5ed12ab4d8e11ba873c2f11161202b945
opening-control	build-appliance-current	2068	2048	20	5	2068	94.486	32	117.125	4f53cda18c2baa0c0354bb5f9a3ecbe5ed12ab4d8e11ba873c2f11161202b945
subject	build-qwen-cuda-8680bc95e989	17	0	17	1	17	16.123	32	133.901	4f53cda18c2baa0c0354bb5f9a3ecbe5ed12ab4d8e11ba873c2f11161202b945
subject	build-qwen-cuda-8680bc95e989	18	0	18	1	18	9.25	32	128.806	4f53cda18c2baa0c0354bb5f9a3ecbe5ed12ab4d8e11ba873c2f11161202b945
subject	build-qwen-cuda-8680bc95e989	19	0	19	1	19	9.544	32	129.185	4f53cda18c2baa0c0354bb5f9a3ecbe5ed12ab4d8e11ba873c2f11161202b945
subject	build-qwen-cuda-8680bc95e989	20	0	20	1	20	9.194	32	126.718	4f53cda18c2baa0c0354bb5f9a3ecbe5ed12ab4d8e11ba873c2f11161202b945
subject	build-qwen-cuda-8680bc95e989	529	512	17	1	529	40.131	32	141.424	4f53cda18c2baa0c0354bb5f9a3ecbe5ed12ab4d8e11ba873c2f11161202b945
subject	build-qwen-cuda-8680bc95e989	530	512	18	1	530	29.501	32	120.543	4f53cda18c2baa0c0354bb5f9a3ecbe5ed12ab4d8e11ba873c2f11161202b945
subject	build-qwen-cuda-8680bc95e989	531	512	19	1	531	32.362	32	124.058	4f53cda18c2baa0c0354bb5f9a3ecbe5ed12ab4d8e11ba873c2f11161202b945
subject	build-qwen-cuda-8680bc95e989	532	512	20	1	532	28.808	32	124.015	4f53cda18c2baa0c0354bb5f9a3ecbe5ed12ab4d8e11ba873c2f11161202b945
subject	build-qwen-cuda-8680bc95e989	1041	1024	17	1	1041	54.724	32	121.912	4f53cda18c2baa0c0354bb5f9a3ecbe5ed12ab4d8e11ba873c2f11161202b945
subject	build-qwen-cuda-8680bc95e989	1042	1024	18	1	1042	49.337	32	125.227	4f53cda18c2baa0c0354bb5f9a3ecbe5ed12ab4d8e11ba873c2f11161202b945
subject	build-qwen-cuda-8680bc95e989	1043	1024	19	1	1043	50.722	32	125.25	4f53cda18c2baa0c0354bb5f9a3ecbe5ed12ab4d8e11ba873c2f11161202b945
subject	build-qwen-cuda-8680bc95e989	1044	1024	20	1	1044	53.99	32	122.849	4f53cda18c2baa0c0354bb5f9a3ecbe5ed12ab4d8e11ba873c2f11161202b945
subject	build-qwen-cuda-8680bc95e989	2065	2048	17	1	2065	91.253	32	123.24	4f53cda18c2baa0c0354bb5f9a3ecbe5ed12ab4d8e11ba873c2f11161202b945
subject	build-qwen-cuda-8680bc95e989	2066	2048	18	1	2066	93.978	32	123.625	4f53cda18c2baa0c0354bb5f9a3ecbe5ed12ab4d8e11ba873c2f11161202b945
subject	build-qwen-cuda-8680bc95e989	2067	2048	19	1	2067	90.438	32	122.226	4f53cda18c2baa0c0354bb5f9a3ecbe5ed12ab4d8e11ba873c2f11161202b945
subject	build-qwen-cuda-8680bc95e989	2068	2048	20	1	2068	93.85	32	121.677	4f53cda18c2baa0c0354bb5f9a3ecbe5ed12ab4d8e11ba873c2f11161202b945
subject	build-qwen-cuda-8680bc95e989	17	0	17	2	17	8.079	32	130.217	4f53cda18c2baa0c0354bb5f9a3ecbe5ed12ab4d8e11ba873c2f11161202b945
subject	build-qwen-cuda-8680bc95e989	18	0	18	2	18	7.19	32	117.026	4f53cda18c2baa0c0354bb5f9a3ecbe5ed12ab4d8e11ba873c2f11161202b945
subject	build-qwen-cuda-8680bc95e989	19	0	19	2	19	6.988	32	114.565	4f53cda18c2baa0c0354bb5f9a3ecbe5ed12ab4d8e11ba873c2f11161202b945
subject	build-qwen-cuda-8680bc95e989	20	0	20	2	20	8.321	32	119.892	4f53cda18c2baa0c0354bb5f9a3ecbe5ed12ab4d8e11ba873c2f11161202b945
subject	build-qwen-cuda-8680bc95e989	529	512	17	2	529	29.263	32	127.254	4f53cda18c2baa0c0354bb5f9a3ecbe5ed12ab4d8e11ba873c2f11161202b945
subject	build-qwen-cuda-8680bc95e989	530	512	18	2	530	31.785	32	122.452	4f53cda18c2baa0c0354bb5f9a3ecbe5ed12ab4d8e11ba873c2f11161202b945
subject	build-qwen-cuda-8680bc95e989	531	512	19	2	531	31.842	32	126.054	4f53cda18c2baa0c0354bb5f9a3ecbe5ed12ab4d8e11ba873c2f11161202b945
subject	build-qwen-cuda-8680bc95e989	532	512	20	2	532	30.539	32	122.225	4f53cda18c2baa0c0354bb5f9a3ecbe5ed12ab4d8e11ba873c2f11161202b945
subject	build-qwen-cuda-8680bc95e989	1041	1024	17	2	1041	51.033	32	126.367	4f53cda18c2baa0c0354bb5f9a3ecbe5ed12ab4d8e11ba873c2f11161202b945
subject	build-qwen-cuda-8680bc95e989	1042	1024	18	2	1042	55.118	32	119.674	4f53cda18c2baa0c0354bb5f9a3ecbe5ed12ab4d8e11ba873c2f11161202b945
subject	build-qwen-cuda-8680bc95e989	1043	1024	19	2	1043	53.305	32	123.037	4f53cda18c2baa0c0354bb5f9a3ecbe5ed12ab4d8e11ba873c2f11161202b945
subject	build-qwen-cuda-8680bc95e989	1044	1024	20	2	1044	53.062	32	129.992	4f53cda18c2baa0c0354bb5f9a3ecbe5ed12ab4d8e11ba873c2f11161202b945
subject	build-qwen-cuda-8680bc95e989	2065	2048	17	2	2065	96.267	32	124.872	4f53cda18c2baa0c0354bb5f9a3ecbe5ed12ab4d8e11ba873c2f11161202b945
subject	build-qwen-cuda-8680bc95e989	2066	2048	18	2	2066	93.704	32	120.493	4f53cda18c2baa0c0354bb5f9a3ecbe5ed12ab4d8e11ba873c2f11161202b945
subject	build-qwen-cuda-8680bc95e989	2067	2048	19	2	2067	91.161	32	124.21	4f53cda18c2baa0c0354bb5f9a3ecbe5ed12ab4d8e11ba873c2f11161202b945
subject	build-qwen-cuda-8680bc95e989	2068	2048	20	2	2068	97.43	32	131.348	4f53cda18c2baa0c0354bb5f9a3ecbe5ed12ab4d8e11ba873c2f11161202b945
subject	build-qwen-cuda-8680bc95e989	17	0	17	3	17	12.569	32	136.307	4f53cda18c2baa0c0354bb5f9a3ecbe5ed12ab4d8e11ba873c2f11161202b945
subject	build-qwen-cuda-8680bc95e989	18	0	18	3	18	8.431	32	134.503	4f53cda18c2baa0c0354bb5f9a3ecbe5ed12ab4d8e11ba873c2f11161202b945
subject	build-qwen-cuda-8680bc95e989	19	0	19	3	19	18.465	32	159.281	4f53cda18c2baa0c0354bb5f9a3ecbe5ed12ab4d8e11ba873c2f11161202b945
subject	build-qwen-cuda-8680bc95e989	20	0	20	3	20	8.856	32	123.625	4f53cda18c2baa0c0354bb5f9a3ecbe5ed12ab4d8e11ba873c2f11161202b945
subject	build-qwen-cuda-8680bc95e989	529	512	17	3	529	36.276	32	130.903	4f53cda18c2baa0c0354bb5f9a3ecbe5ed12ab4d8e11ba873c2f11161202b945
subject	build-qwen-cuda-8680bc95e989	530	512	18	3	530	33.674	32	126.77	4f53cda18c2baa0c0354bb5f9a3ecbe5ed12ab4d8e11ba873c2f11161202b945
subject	build-qwen-cuda-8680bc95e989	531	512	19	3	531	35.142	32	128.249	4f53cda18c2baa0c0354bb5f9a3ecbe5ed12ab4d8e11ba873c2f11161202b945
subject	build-qwen-cuda-8680bc95e989	532	512	20	3	532	37.984	32	128.156	4f53cda18c2baa0c0354bb5f9a3ecbe5ed12ab4d8e11ba873c2f11161202b945
subject	build-qwen-cuda-8680bc95e989	1041	1024	17	3	1041	57.425	32	132.803	4f53cda18c2baa0c0354bb5f9a3ecbe5ed12ab4d8e11ba873c2f11161202b945
subject	build-qwen-cuda-8680bc95e989	1042	1024	18	3	1042	54.579	32	130.937	4f53cda18c2baa0c0354bb5f9a3ecbe5ed12ab4d8e11ba873c2f11161202b945
subject	build-qwen-cuda-8680bc95e989	1043	1024	19	3	1043	52.014	32	142.179	4f53cda18c2baa0c0354bb5f9a3ecbe5ed12ab4d8e11ba873c2f11161202b945
subject	build-qwen-cuda-8680bc95e989	1044	1024	20	3	1044	50.825	32	141.801	4f53cda18c2baa0c0354bb5f9a3ecbe5ed12ab4d8e11ba873c2f11161202b945
subject	build-qwen-cuda-8680bc95e989	2065	2048	17	3	2065	99.94	32	135.86	4f53cda18c2baa0c0354bb5f9a3ecbe5ed12ab4d8e11ba873c2f11161202b945
subject	build-qwen-cuda-8680bc95e989	2066	2048	18	3	2066	98.247	32	139.126	4f53cda18c2baa0c0354bb5f9a3ecbe5ed12ab4d8e11ba873c2f11161202b945
subject	build-qwen-cuda-8680bc95e989	2067	2048	19	3	2067	97.763	32	137.105	4f53cda18c2baa0c0354bb5f9a3ecbe5ed12ab4d8e11ba873c2f11161202b945
subject	build-qwen-cuda-8680bc95e989	2068	2048	20	3	2068	100.903	32	136.113	4f53cda18c2baa0c0354bb5f9a3ecbe5ed12ab4d8e11ba873c2f11161202b945
subject	build-qwen-cuda-8680bc95e989	17	0	17	4	17	8.435	32	136.929	4f53cda18c2baa0c0354bb5f9a3ecbe5ed12ab4d8e11ba873c2f11161202b945
subject	build-qwen-cuda-8680bc95e989	18	0	18	4	18	7.926	32	135.583	4f53cda18c2baa0c0354bb5f9a3ecbe5ed12ab4d8e11ba873c2f11161202b945
subject	build-qwen-cuda-8680bc95e989	19	0	19	4	19	11.318	32	131.51	4f53cda18c2baa0c0354bb5f9a3ecbe5ed12ab4d8e11ba873c2f11161202b945
subject	build-qwen-cuda-8680bc95e989	20	0	20	4	20	11.426	32	142.869	4f53cda18c2baa0c0354bb5f9a3ecbe5ed12ab4d8e11ba873c2f11161202b945
subject	build-qwen-cuda-8680bc95e989	529	512	17	4	529	31.338	32	135.031	4f53cda18c2baa0c0354bb5f9a3ecbe5ed12ab4d8e11ba873c2f11161202b945
subject	build-qwen-cuda-8680bc95e989	530	512	18	4	530	32.773	32	135.772	4f53cda18c2baa0c0354bb5f9a3ecbe5ed12ab4d8e11ba873c2f11161202b945
subject	build-qwen-cuda-8680bc95e989	531	512	19	4	531	33.543	32	131.338	4f53cda18c2baa0c0354bb5f9a3ecbe5ed12ab4d8e11ba873c2f11161202b945
subject	build-qwen-cuda-8680bc95e989	532	512	20	4	532	32.753	32	150.89	4f53cda18c2baa0c0354bb5f9a3ecbe5ed12ab4d8e11ba873c2f11161202b945
subject	build-qwen-cuda-8680bc95e989	1041	1024	17	4	1041	53.435	32	138.342	4f53cda18c2baa0c0354bb5f9a3ecbe5ed12ab4d8e11ba873c2f11161202b945
subject	build-qwen-cuda-8680bc95e989	1042	1024	18	4	1042	51.99	32	137.543	4f53cda18c2baa0c0354bb5f9a3ecbe5ed12ab4d8e11ba873c2f11161202b945
subject	build-qwen-cuda-8680bc95e989	1043	1024	19	4	1043	51.224	32	136.174	4f53cda18c2baa0c0354bb5f9a3ecbe5ed12ab4d8e11ba873c2f11161202b945
subject	build-qwen-cuda-8680bc95e989	1044	1024	20	4	1044	52.075	32	130.374	4f53cda18c2baa0c0354bb5f9a3ecbe5ed12ab4d8e11ba873c2f11161202b945
subject	build-qwen-cuda-8680bc95e989	2065	2048	17	4	2065	95.495	32	139.94	4f53cda18c2baa0c0354bb5f9a3ecbe5ed12ab4d8e11ba873c2f11161202b945
subject	build-qwen-cuda-8680bc95e989	2066	2048	18	4	2066	97.922	32	123.267	4f53cda18c2baa0c0354bb5f9a3ecbe5ed12ab4d8e11ba873c2f11161202b945
subject	build-qwen-cuda-8680bc95e989	2067	2048	19	4	2067	97.324	32	135.28	4f53cda18c2baa0c0354bb5f9a3ecbe5ed12ab4d8e11ba873c2f11161202b945
subject	build-qwen-cuda-8680bc95e989	2068	2048	20	4	2068	100.996	32	134.783	4f53cda18c2baa0c0354bb5f9a3ecbe5ed12ab4d8e11ba873c2f11161202b945
subject	build-qwen-cuda-8680bc95e989	17	0	17	5	17	12.814	32	133.974	4f53cda18c2baa0c0354bb5f9a3ecbe5ed12ab4d8e11ba873c2f11161202b945
subject	build-qwen-cuda-8680bc95e989	18	0	18	5	18	9.934	32	142.489	4f53cda18c2baa0c0354bb5f9a3ecbe5ed12ab4d8e11ba873c2f11161202b945
subject	build-qwen-cuda-8680bc95e989	19	0	19	5	19	9.543	32	130.987	4f53cda18c2baa0c0354bb5f9a3ecbe5ed12ab4d8e11ba873c2f11161202b945
subject	build-qwen-cuda-8680bc95e989	20	0	20	5	20	9.255	32	145.609	4f53cda18c2baa0c0354bb5f9a3ecbe5ed12ab4d8e11ba873c2f11161202b945
subject	build-qwen-cuda-8680bc95e989	529	512	17	5	529	34.7	32	144.018	4f53cda18c2baa0c0354bb5f9a3ecbe5ed12ab4d8e11ba873c2f11161202b945
subject	build-qwen-cuda-8680bc95e989	530	512	18	5	530	37.797	32	136.213	4f53cda18c2baa0c0354bb5f9a3ecbe5ed12ab4d8e11ba873c2f11161202b945
subject	build-qwen-cuda-8680bc95e989	531	512	19	5	531	34.779	32	126.684	4f53cda18c2baa0c0354bb5f9a3ecbe5ed12ab4d8e11ba873c2f11161202b945
subject	build-qwen-cuda-8680bc95e989	532	512	20	5	532	30.753	32	131.567	4f53cda18c2baa0c0354bb5f9a3ecbe5ed12ab4d8e11ba873c2f11161202b945
subject	build-qwen-cuda-8680bc95e989	1041	1024	17	5	1041	52.378	32	136.671	4f53cda18c2baa0c0354bb5f9a3ecbe5ed12ab4d8e11ba873c2f11161202b945
subject	build-qwen-cuda-8680bc95e989	1042	1024	18	5	1042	50.436	32	133.223	4f53cda18c2baa0c0354bb5f9a3ecbe5ed12ab4d8e11ba873c2f11161202b945
subject	build-qwen-cuda-8680bc95e989	1043	1024	19	5	1043	50.854	32	131.869	4f53cda18c2baa0c0354bb5f9a3ecbe5ed12ab4d8e11ba873c2f11161202b945
subject	build-qwen-cuda-8680bc95e989	1044	1024	20	5	1044	56.552	32	126.838	4f53cda18c2baa0c0354bb5f9a3ecbe5ed12ab4d8e11ba873c2f11161202b945
subject	build-qwen-cuda-8680bc95e989	2065	2048	17	5	2065	96.757	32	128.759	4f53cda18c2baa0c0354bb5f9a3ecbe5ed12ab4d8e11ba873c2f11161202b945
subject	build-qwen-cuda-8680bc95e989	2066	2048	18	5	2066	94.262	32	130.973	4f53cda18c2baa0c0354bb5f9a3ecbe5ed12ab4d8e11ba873c2f11161202b945
subject	build-qwen-cuda-8680bc95e989	2067	2048	19	5	2067	95.624	32	140.866	4f53cda18c2baa0c0354bb5f9a3ecbe5ed12ab4d8e11ba873c2f11161202b945
subject	build-qwen-cuda-8680bc95e989	2068	2048	20	5	2068	104.448	32	131.833	4f53cda18c2baa0c0354bb5f9a3ecbe5ed12ab4d8e11ba873c2f11161202b945
closing-control	build-appliance-current	17	0	17	1	17	29.588	32	141.463	4f53cda18c2baa0c0354bb5f9a3ecbe5ed12ab4d8e11ba873c2f11161202b945
closing-control	build-appliance-current	18	0	18	1	18	11.267	32	127.761	4f53cda18c2baa0c0354bb5f9a3ecbe5ed12ab4d8e11ba873c2f11161202b945
closing-control	build-appliance-current	19	0	19	1	19	10.238	32	127.678	4f53cda18c2baa0c0354bb5f9a3ecbe5ed12ab4d8e11ba873c2f11161202b945
closing-control	build-appliance-current	20	0	20	1	20	9.378	32	131.804	4f53cda18c2baa0c0354bb5f9a3ecbe5ed12ab4d8e11ba873c2f11161202b945
closing-control	build-appliance-current	529	512	17	1	529	32.332	32	138.658	4f53cda18c2baa0c0354bb5f9a3ecbe5ed12ab4d8e11ba873c2f11161202b945
closing-control	build-appliance-current	530	512	18	1	530	29.997	32	137.433	4f53cda18c2baa0c0354bb5f9a3ecbe5ed12ab4d8e11ba873c2f11161202b945
closing-control	build-appliance-current	531	512	19	1	531	32.07	32	135.749	4f53cda18c2baa0c0354bb5f9a3ecbe5ed12ab4d8e11ba873c2f11161202b945
closing-control	build-appliance-current	532	512	20	1	532	30.13	32	128.915	4f53cda18c2baa0c0354bb5f9a3ecbe5ed12ab4d8e11ba873c2f11161202b945
closing-control	build-appliance-current	1041	1024	17	1	1041	52.642	32	130.631	4f53cda18c2baa0c0354bb5f9a3ecbe5ed12ab4d8e11ba873c2f11161202b945
closing-control	build-appliance-current	1042	1024	18	1	1042	51.767	32	132.301	4f53cda18c2baa0c0354bb5f9a3ecbe5ed12ab4d8e11ba873c2f11161202b945
closing-control	build-appliance-current	1043	1024	19	1	1043	55.218	32	121.067	4f53cda18c2baa0c0354bb5f9a3ecbe5ed12ab4d8e11ba873c2f11161202b945
closing-control	build-appliance-current	1044	1024	20	1	1044	55.332	32	124.648	4f53cda18c2baa0c0354bb5f9a3ecbe5ed12ab4d8e11ba873c2f11161202b945
closing-control	build-appliance-current	2065	2048	17	1	2065	92.883	32	133.801	4f53cda18c2baa0c0354bb5f9a3ecbe5ed12ab4d8e11ba873c2f11161202b945
closing-control	build-appliance-current	2066	2048	18	1	2066	99.361	32	132.388	4f53cda18c2baa0c0354bb5f9a3ecbe5ed12ab4d8e11ba873c2f11161202b945
closing-control	build-appliance-current	2067	2048	19	1	2067	93.055	32	130.811	4f53cda18c2baa0c0354bb5f9a3ecbe5ed12ab4d8e11ba873c2f11161202b945
closing-control	build-appliance-current	2068	2048	20	1	2068	102.727	32	129.476	4f53cda18c2baa0c0354bb5f9a3ecbe5ed12ab4d8e11ba873c2f11161202b945
closing-control	build-appliance-current	17	0	17	2	17	12.008	32	144.19	4f53cda18c2baa0c0354bb5f9a3ecbe5ed12ab4d8e11ba873c2f11161202b945
closing-control	build-appliance-current	18	0	18	2	18	12.754	32	139.576	4f53cda18c2baa0c0354bb5f9a3ecbe5ed12ab4d8e11ba873c2f11161202b945
closing-control	build-appliance-current	19	0	19	2	19	9.866	32	145.63	4f53cda18c2baa0c0354bb5f9a3ecbe5ed12ab4d8e11ba873c2f11161202b945
closing-control	build-appliance-current	20	0	20	2	20	9.078	32	140.002	4f53cda18c2baa0c0354bb5f9a3ecbe5ed12ab4d8e11ba873c2f11161202b945
closing-control	build-appliance-current	529	512	17	2	529	37.737	32	132.433	4f53cda18c2baa0c0354bb5f9a3ecbe5ed12ab4d8e11ba873c2f11161202b945
closing-control	build-appliance-current	530	512	18	2	530	36.47	32	138.889	4f53cda18c2baa0c0354bb5f9a3ecbe5ed12ab4d8e11ba873c2f11161202b945
closing-control	build-appliance-current	531	512	19	2	531	34.257	32	139.177	4f53cda18c2baa0c0354bb5f9a3ecbe5ed12ab4d8e11ba873c2f11161202b945
closing-control	build-appliance-current	532	512	20	2	532	34.879	32	135.812	4f53cda18c2baa0c0354bb5f9a3ecbe5ed12ab4d8e11ba873c2f11161202b945
closing-control	build-appliance-current	1041	1024	17	2	1041	53.817	32	133.736	4f53cda18c2baa0c0354bb5f9a3ecbe5ed12ab4d8e11ba873c2f11161202b945
closing-control	build-appliance-current	1042	1024	18	2	1042	51.931	32	126.32	4f53cda18c2baa0c0354bb5f9a3ecbe5ed12ab4d8e11ba873c2f11161202b945
closing-control	build-appliance-current	1043	1024	19	2	1043	55.383	32	122.979	4f53cda18c2baa0c0354bb5f9a3ecbe5ed12ab4d8e11ba873c2f11161202b945
closing-control	build-appliance-current	1044	1024	20	2	1044	55.436	32	125.694	4f53cda18c2baa0c0354bb5f9a3ecbe5ed12ab4d8e11ba873c2f11161202b945
closing-control	build-appliance-current	2065	2048	17	2	2065	93.328	32	135.074	4f53cda18c2baa0c0354bb5f9a3ecbe5ed12ab4d8e11ba873c2f11161202b945
closing-control	build-appliance-current	2066	2048	18	2	2066	96.782	32	136.583	4f53cda18c2baa0c0354bb5f9a3ecbe5ed12ab4d8e11ba873c2f11161202b945
closing-control	build-appliance-current	2067	2048	19	2	2067	94.731	32	128.514	4f53cda18c2baa0c0354bb5f9a3ecbe5ed12ab4d8e11ba873c2f11161202b945
closing-control	build-appliance-current	2068	2048	20	2	2068	96.868	32	145.801	4f53cda18c2baa0c0354bb5f9a3ecbe5ed12ab4d8e11ba873c2f11161202b945
closing-control	build-appliance-current	17	0	17	3	17	10.24	32	143.094	4f53cda18c2baa0c0354bb5f9a3ecbe5ed12ab4d8e11ba873c2f11161202b945
closing-control	build-appliance-current	18	0	18	3	18	9.353	32	133.951	4f53cda18c2baa0c0354bb5f9a3ecbe5ed12ab4d8e11ba873c2f11161202b945
closing-control	build-appliance-current	19	0	19	3	19	12.009	32	136.175	4f53cda18c2baa0c0354bb5f9a3ecbe5ed12ab4d8e11ba873c2f11161202b945
closing-control	build-appliance-current	20	0	20	3	20	12.401	32	140.124	4f53cda18c2baa0c0354bb5f9a3ecbe5ed12ab4d8e11ba873c2f11161202b945
closing-control	build-appliance-current	529	512	17	3	529	33.665	32	143.12	4f53cda18c2baa0c0354bb5f9a3ecbe5ed12ab4d8e11ba873c2f11161202b945
closing-control	build-appliance-current	530	512	18	3	530	37.417	32	140.907	4f53cda18c2baa0c0354bb5f9a3ecbe5ed12ab4d8e11ba873c2f11161202b945
closing-control	build-appliance-current	531	512	19	3	531	37.569	32	137.726	4f53cda18c2baa0c0354bb5f9a3ecbe5ed12ab4d8e11ba873c2f11161202b945
closing-control	build-appliance-current	532	512	20	3	532	34.945	32	145.643	4f53cda18c2baa0c0354bb5f9a3ecbe5ed12ab4d8e11ba873c2f11161202b945
closing-control	build-appliance-current	1041	1024	17	3	1041	55.566	32	144.023	4f53cda18c2baa0c0354bb5f9a3ecbe5ed12ab4d8e11ba873c2f11161202b945
closing-control	build-appliance-current	1042	1024	18	3	1042	61.335	32	141.787	4f53cda18c2baa0c0354bb5f9a3ecbe5ed12ab4d8e11ba873c2f11161202b945
closing-control	build-appliance-current	1043	1024	19	3	1043	64.621	32	139.932	4f53cda18c2baa0c0354bb5f9a3ecbe5ed12ab4d8e11ba873c2f11161202b945
closing-control	build-appliance-current	1044	1024	20	3	1044	59.354	32	140.252	4f53cda18c2baa0c0354bb5f9a3ecbe5ed12ab4d8e11ba873c2f11161202b945
closing-control	build-appliance-current	2065	2048	17	3	2065	94.756	32	127.293	4f53cda18c2baa0c0354bb5f9a3ecbe5ed12ab4d8e11ba873c2f11161202b945
closing-control	build-appliance-current	2066	2048	18	3	2066	96.096	32	127.201	4f53cda18c2baa0c0354bb5f9a3ecbe5ed12ab4d8e11ba873c2f11161202b945
closing-control	build-appliance-current	2067	2048	19	3	2067	93.019	32	130.37	4f53cda18c2baa0c0354bb5f9a3ecbe5ed12ab4d8e11ba873c2f11161202b945
closing-control	build-appliance-current	2068	2048	20	3	2068	94.587	32	136.95	4f53cda18c2baa0c0354bb5f9a3ecbe5ed12ab4d8e11ba873c2f11161202b945
closing-control	build-appliance-current	17	0	17	4	17	11.051	32	146.432	4f53cda18c2baa0c0354bb5f9a3ecbe5ed12ab4d8e11ba873c2f11161202b945
closing-control	build-appliance-current	18	0	18	4	18	9.504	32	130.593	4f53cda18c2baa0c0354bb5f9a3ecbe5ed12ab4d8e11ba873c2f11161202b945
closing-control	build-appliance-current	19	0	19	4	19	9.204	32	130.006	4f53cda18c2baa0c0354bb5f9a3ecbe5ed12ab4d8e11ba873c2f11161202b945
closing-control	build-appliance-current	20	0	20	4	20	11.998	32	130.621	4f53cda18c2baa0c0354bb5f9a3ecbe5ed12ab4d8e11ba873c2f11161202b945
closing-control	build-appliance-current	529	512	17	4	529	31.284	32	131.247	4f53cda18c2baa0c0354bb5f9a3ecbe5ed12ab4d8e11ba873c2f11161202b945
closing-control	build-appliance-current	530	512	18	4	530	30.725	32	135.903	4f53cda18c2baa0c0354bb5f9a3ecbe5ed12ab4d8e11ba873c2f11161202b945
closing-control	build-appliance-current	531	512	19	4	531	30.487	32	135.479	4f53cda18c2baa0c0354bb5f9a3ecbe5ed12ab4d8e11ba873c2f11161202b945
closing-control	build-appliance-current	532	512	20	4	532	29.521	32	122.227	4f53cda18c2baa0c0354bb5f9a3ecbe5ed12ab4d8e11ba873c2f11161202b945
closing-control	build-appliance-current	1041	1024	17	4	1041	52.214	32	129.857	4f53cda18c2baa0c0354bb5f9a3ecbe5ed12ab4d8e11ba873c2f11161202b945
closing-control	build-appliance-current	1042	1024	18	4	1042	52.332	32	135.548	4f53cda18c2baa0c0354bb5f9a3ecbe5ed12ab4d8e11ba873c2f11161202b945
closing-control	build-appliance-current	1043	1024	19	4	1043	54.505	32	134.714	4f53cda18c2baa0c0354bb5f9a3ecbe5ed12ab4d8e11ba873c2f11161202b945
closing-control	build-appliance-current	1044	1024	20	4	1044	53.49	32	138.338	4f53cda18c2baa0c0354bb5f9a3ecbe5ed12ab4d8e11ba873c2f11161202b945
closing-control	build-appliance-current	2065	2048	17	4	2065	105.221	32	138.455	4f53cda18c2baa0c0354bb5f9a3ecbe5ed12ab4d8e11ba873c2f11161202b945
closing-control	build-appliance-current	2066	2048	18	4	2066	101.361	32	143.871	4f53cda18c2baa0c0354bb5f9a3ecbe5ed12ab4d8e11ba873c2f11161202b945
closing-control	build-appliance-current	2067	2048	19	4	2067	107.909	32	128.773	4f53cda18c2baa0c0354bb5f9a3ecbe5ed12ab4d8e11ba873c2f11161202b945
closing-control	build-appliance-current	2068	2048	20	4	2068	95.453	32	134.985	4f53cda18c2baa0c0354bb5f9a3ecbe5ed12ab4d8e11ba873c2f11161202b945
closing-control	build-appliance-current	17	0	17	5	17	11.495	32	133.38	4f53cda18c2baa0c0354bb5f9a3ecbe5ed12ab4d8e11ba873c2f11161202b945
closing-control	build-appliance-current	18	0	18	5	18	9.749	32	126.531	4f53cda18c2baa0c0354bb5f9a3ecbe5ed12ab4d8e11ba873c2f11161202b945
closing-control	build-appliance-current	19	0	19	5	19	10.19	32	125.724	4f53cda18c2baa0c0354bb5f9a3ecbe5ed12ab4d8e11ba873c2f11161202b945
closing-control	build-appliance-current	20	0	20	5	20	9.542	32	131.1	4f53cda18c2baa0c0354bb5f9a3ecbe5ed12ab4d8e11ba873c2f11161202b945
closing-control	build-appliance-current	529	512	17	5	529	33.686	32	132.07	4f53cda18c2baa0c0354bb5f9a3ecbe5ed12ab4d8e11ba873c2f11161202b945
closing-control	build-appliance-current	530	512	18	5	530	32.901	32	133.8	4f53cda18c2baa0c0354bb5f9a3ecbe5ed12ab4d8e11ba873c2f11161202b945
closing-control	build-appliance-current	531	512	19	5	531	32.559	32	141.365	4f53cda18c2baa0c0354bb5f9a3ecbe5ed12ab4d8e11ba873c2f11161202b945
closing-control	build-appliance-current	532	512	20	5	532	30.896	32	134.62	4f53cda18c2baa0c0354bb5f9a3ecbe5ed12ab4d8e11ba873c2f11161202b945
closing-control	build-appliance-current	1041	1024	17	5	1041	55.191	32	133.332	4f53cda18c2baa0c0354bb5f9a3ecbe5ed12ab4d8e11ba873c2f11161202b945
closing-control	build-appliance-current	1042	1024	18	5	1042	62.947	32	128.525	4f53cda18c2baa0c0354bb5f9a3ecbe5ed12ab4d8e11ba873c2f11161202b945
closing-control	build-appliance-current	1043	1024	19	5	1043	56.44	32	133.765	4f53cda18c2baa0c0354bb5f9a3ecbe5ed12ab4d8e11ba873c2f11161202b945
closing-control	build-appliance-current	1044	1024	20	5	1044	53.399	32	133.753	4f53cda18c2baa0c0354bb5f9a3ecbe5ed12ab4d8e11ba873c2f11161202b945
closing-control	build-appliance-current	2065	2048	17	5	2065	95.056	32	127.978	4f53cda18c2baa0c0354bb5f9a3ecbe5ed12ab4d8e11ba873c2f11161202b945
closing-control	build-appliance-current	2066	2048	18	5	2066	96.608	32	135.0	4f53cda18c2baa0c0354bb5f9a3ecbe5ed12ab4d8e11ba873c2f11161202b945
closing-control	build-appliance-current	2067	2048	19	5	2067	96.715	32	133.817	4f53cda18c2baa0c0354bb5f9a3ecbe5ed12ab4d8e11ba873c2f11161202b945
closing-control	build-appliance-current	2068	2048	20	5	2068	106.032	32	130.627	4f53cda18c2baa0c0354bb5f9a3ecbe5ed12ab4d8e11ba873c2f11161202b945
