epoch_ms	resident_status	successor_status
1788194525428	loaded	unloaded
1788194525703	loaded	unloaded
1788194525982	loaded	unloaded
1788194526257	loaded	unloaded
1788194526532	loaded	unloaded
1788194526808	loaded	unloaded
1788194527083	loaded	unloaded
1788194527357	loaded	unloaded
1788194527631	unloaded	loading
1788194527911	unloaded	loading
1788194528187	unloaded	loading
1788194528470	unloaded	loading
1788194528755	unloaded	loading
1788194529039	unloaded	loading
1788194529318	unloaded	loaded
1788194529594	unloaded	loaded
1788194529869	unloaded	loaded
1788194530145	unloaded	loaded
1788194530419	unloaded	loaded
1788194530692	unloaded	loaded
1788194530966	unloaded	loaded
1788194531242	unloaded	loaded
1788194531516	unloaded	loaded
1788194531791	unloaded	loaded
1788194532067	unloaded	loaded
1788194532340	unloaded	loaded
