kernel_ring	open	44
clients	open	1942,3308560,483747,
closure	$HOME/src/llama.cpp-qwen-nvidia/build-appliance-current	88681bf4d161653985b6942f069914655137954a04d25dbd8aec0101c2f9b509
bench_binary_sha256	28266b1589d52d9ce6e7fd7eb9c4c97dbd6655d85d09385e6353e1fcf440f741
nsys_version	2026.1.3.425
decode_tokens	64
decode-2b-q4k	untraced	tok_s=243.46
decode-2b-q4k	graph	partitioned	tokens=60 median_span_ns=4261218.5 median_device_idle_ns=236951.0
decode-2b-q4k	node	partitioned	tokens=60 median_span_ns=4813258.0 median_device_idle_ns=710081.5
decode-08b-q8	untraced	tok_s=326.20
decode-08b-q8	graph	partitioned	tokens=60 median_span_ns=3062238.5 median_device_idle_ns=257113.5
decode-08b-q8	node	partitioned	tokens=60 median_span_ns=7433067.5 median_device_idle_ns=738441.0
kernel_ring	close	44
clients	close	1942,3308560,483747,
